Class,Balanced Accuracy,Sensitivity,Specificity,Pos Pred Value,Neg Pred Value,F1,Kappa,Prevalence,Detection Rate,Detection Prevalence,id,model
Held,0.6156263640331733,0.2413793103448276,0.9898734177215189,0.6363636363636364,0.9467312348668281,0.35,0.3245925744394058,0.06839622641509434,0.01650943396226415,0.025943396226415096,9908,split
Prone,0.9183542744518354,0.8909090909090909,0.94579945799458,0.7101449275362319,0.9830985915492958,0.7903225806451614,0.7549459831947717,0.12971698113207547,0.11556603773584906,0.16273584905660377,9908,split
Sitting,0.9149336006013531,0.8461538461538461,0.9837133550488599,0.9519230769230769,0.94375,0.8959276018099548,0.8594164456233423,0.2759433962264151,0.23349056603773585,0.24528301886792453,9908,split
Supine,0.9761904761904762,0.9523809523809523,1,1,0.9975247524752475,0.975609756097561,0.9743713733075432,0.049528301886792456,0.04716981132075472,0.04716981132075472,9908,split
Upright,0.9310944607974311,0.9702970297029703,0.8918918918918919,0.8909090909090909,0.9705882352941176,0.9289099526066351,0.8587420042643924,0.47641509433962265,0.46226415094339623,0.5188679245283019,9908,split
Held,0.5226750127746551,0.05263157894736842,0.9927184466019418,0.5,0.8833693304535637,0.09523809523809525,0.07379690260887638,0.12153518123667377,0.006396588486140725,0.01279317697228145,9909,split
Prone,0.4977827050997783,0,0.9955654101995566,0,0.961456102783726,NA,-0.007735281478300189,0.03837953091684435,0,0.0042643923240938165,9909,split
Sitting,0.7174296662297066,0.48936170212765956,0.9454976303317536,0.5,0.9432624113475178,0.4946236559139785,0.43900949278497425,0.10021321961620469,0.04904051172707889,0.09808102345415778,9909,split
Supine,0.711171910624715,0.9882352941176471,0.43410852713178294,0.8215158924205379,0.9333333333333333,0.897196261682243,0.5063900165388663,0.7249466950959488,0.7164179104477612,0.8720682302771855,9909,split
Upright,0.566017316017316,0.14285714285714285,0.9891774891774892,0.16666666666666666,0.9870410367170627,0.15384615384615383,0.1420256111757889,0.014925373134328358,0.0021321961620469083,0.01279317697228145,9909,split
Held,0.8718553459119497,0.75,0.9937106918238994,0.875,0.9854469854469855,0.8076923076923077,0.7973189918124899,0.055445544554455446,0.041584158415841586,0.047524752475247525,9910,split
Prone,0.5336776258364854,0.07142857142857142,0.9959266802443992,0.3333333333333333,0.9741035856573705,0.11764705882352941,0.10892836136925138,0.027722772277227723,0.0019801980198019802,0.005940594059405941,9910,split
Sitting,0.9135947550717467,0.9069767441860465,0.9202127659574468,0.7959183673469388,0.9664804469273743,0.8478260869565216,0.7909397362351411,0.25544554455445545,0.2316831683168317,0.29108910891089107,9910,split
Supine,1,1,1,1,1,1,1,0.5504950495049505,0.5504950495049505,0.5504950495049505,9910,split
Upright,0.8125397709195037,0.6607142857142857,0.9643652561247216,0.6981132075471698,0.9579646017699115,0.6788990825688073,0.6400863385530144,0.11089108910891089,0.07326732673267326,0.10495049504950495,9910,split
Held,0.8043310943184998,0.6388888888888888,0.9697732997481109,0.6571428571428571,0.9673366834170855,0.647887323943662,0.6164475782163484,0.08314087759815242,0.053117782909930716,0.08083140877598152,9911,split
Prone,0.9554743621501115,0.9545454545454546,0.9564032697547684,0.7974683544303798,0.9915254237288136,0.8689655172413794,0.8428672383826424,0.15242494226327943,0.14549653579676675,0.18244803695150116,9911,split
Sitting,0.8514511310285958,0.9483568075117371,0.7545454545454545,0.7890625,0.9378531073446328,0.8614072494669511,0.7006519820040203,0.49191685912240185,0.4665127020785219,0.5912240184757506,9911,split
Supine,0.615029257776409,0.23529411764705882,0.9947643979057592,0.8571428571428571,0.9069212410501193,0.36923076923076925,0.335516712205712,0.11778290993071594,0.02771362586605081,0.03233256351039261,9911,split
Upright,0.8126988010765843,0.6417910447761194,0.9836065573770492,0.8775510204081632,0.9375,0.7413793103448276,0.7024872887178786,0.15473441108545036,0.09930715935334873,0.11316397228637413,9911,split
Held,0.9545454545454546,0.9090909090909091,1,1,0.9958071278825996,0.9523809523809523,0.9502850855256587,0.04426559356136821,0.04024144869215292,0.04024144869215292,10201,split
Prone,0.9791666666666667,0.9583333333333334,1,1,0.9978902953586498,0.9787234042553191,0.9776679397888114,0.0482897384305835,0.04627766599597585,0.04627766599597585,10201,split
Sitting,0.978494623655914,1,0.956989247311828,0.9901960784313726,1,0.9950738916256158,0.9730987821380241,0.8128772635814889,0.8128772635814889,0.8209255533199196,10201,split
Supine,0.9444444444444444,0.8888888888888888,1,1,0.9936575052854123,0.9411764705882353,0.9380067356866654,0.05432595573440644,0.0482897384305835,0.0482897384305835,10201,split
Upright,0.9979035639412999,1,0.9958071278825996,0.9090909090909091,1,0.9523809523809523,0.9502850855256587,0.04024144869215292,0.04024144869215292,0.04426559356136821,10201,split
Held,0.6388888888888888,0.2777777777777778,1,1,0.9414414414414415,0.4347826086956522,0.41460027772267355,0.07929515418502203,0.022026431718061675,0.022026431718061675,10203,split
Prone,0.9067156121787951,0.8181818181818182,0.995249406175772,0.9310344827586207,0.9858823529411764,0.8709677419354839,0.861553708927346,0.07268722466960352,0.05947136563876652,0.06387665198237885,10203,split
Sitting,0.9573040740088795,0.9919028340080972,0.9227053140096618,0.9386973180076629,0.9896373056994818,0.9645669291338583,0.9196444374520638,0.5440528634361234,0.539647577092511,0.5748898678414097,10203,split
Supine,0.9849149388623073,0.9722222222222222,0.9976076555023924,0.9722222222222222,0.9976076555023924,0.9722222222222222,0.969829877724615,0.07929515418502203,0.07709251101321586,0.07929515418502203,10203,split
Upright,0.9772727272727273,1,0.9545454545454546,0.864406779661017,1,0.9272727272727274,0.904178978471929,0.22466960352422907,0.22466960352422907,0.2599118942731278,10203,split
Held,0.8481031638926375,0.7407407407407407,0.9554655870445344,0.6451612903225806,0.9711934156378601,0.689655172413793,0.6531157687438457,0.09854014598540146,0.072992700729927,0.11313868613138686,10204,split
Prone,0.9336240310077519,0.875,0.9922480620155039,0.875,0.9922480620155039,0.875,0.8672480620155042,0.058394160583941604,0.051094890510948905,0.058394160583941604,10204,split
Sitting,0.6447916666666667,0.3333333333333333,0.95625,0.8444444444444444,0.6681222707423581,0.47798742138364775,0.31718008767189104,0.41605839416058393,0.1386861313868613,0.16423357664233576,10204,split
Supine,0.9199999999999999,0.84,1,1,0.9841897233201581,0.9130434782608696,0.9051410766833992,0.09124087591240876,0.07664233576642336,0.07664233576642336,10204,split
Upright,0.7777114190157668,0.9565217391304348,0.5989010989010989,0.546583850931677,0.9646017699115044,0.6956521739130436,0.4685374578064385,0.3357664233576642,0.32116788321167883,0.5875912408759124,10204,split
Held,0.9841269841269842,1,0.9682539682539683,0.9577464788732394,1,0.9784172661870503,0.9623013571511424,0.41846153846153844,0.41846153846153844,0.4369230769230769,10301,split
Prone,0.9936908517350158,1,0.9873817034700315,0.6666666666666666,1,0.8,0.793912492073557,0.024615384615384615,0.024615384615384615,0.036923076923076927,10301,split
Sitting,1,1,1,1,1,1,1,0.4307692307692308,0.4307692307692308,0.4307692307692308,10301,split
Supine,0.9516129032258065,0.9032258064516129,1,1,0.98989898989899,0.9491525423728813,0.9440908308962668,0.09538461538461539,0.08615384615384615,0.08615384615384615,10301,split
Upright,0.65,0.3,1,1,0.9782608695652174,0.4615384615384615,0.4537815126050448,0.03076923076923077,0.009230769230769232,0.009230769230769232,10301,split
Held,1,1,1,1,1,1,1,0.07848101265822785,0.07848101265822785,0.07848101265822785,10401,split
Prone,0.975609756097561,0.9512195121951219,1,1,0.9943820224719101,0.975,0.9721850573903245,0.10379746835443038,0.09873417721518987,0.09873417721518987,10401,split
Sitting,0.9977578475336323,0.9955156950672646,1,1,0.9942196531791907,0.9977528089887641,0.9948542917811967,0.5645569620253165,0.5620253164556962,0.5620253164556962,10401,split
Supine,0.9950980392156863,1,0.9901960784313726,0.967391304347826,1,0.9834254143646408,0.9785010613400097,0.22531645569620254,0.22531645569620254,0.23291139240506328,10401,split
Upright,1,1,1,1,1,1,1,0.027848101265822784,0.027848101265822784,0.027848101265822784,10401,split
Held,1,1,1,1,1,1,1,0.18125,0.18125,0.18125,10501,split
Prone,1,1,1,1,1,1,1,0.3125,0.3125,0.3125,10501,split
Sitting,1,1,1,1,1,1,1,0.275,0.275,0.275,10501,split
Supine,1,1,1,1,1,1,1,0.1375,0.1375,0.1375,10501,split
Upright,1,1,1,1,1,1,1,0.09375,0.09375,0.09375,10501,split
Held,0.9799386659851776,0.9615384615384616,0.9983388704318937,0.9615384615384616,0.9983388704318937,0.9615384615384616,0.9598773319703552,0.041401273885350316,0.03980891719745223,0.041401273885350316,10601,split
Prone,1,1,1,1,1,1,1,0.09076433121019108,0.09076433121019108,0.09076433121019108,10601,split
Sitting,0.992429174201326,0.9866666666666667,0.9981916817359855,0.9866666666666667,0.9981916817359855,0.9866666666666668,0.9848583484026522,0.11942675159235669,0.1178343949044586,0.11942675159235669,10601,split
Supine,0.998917748917749,0.9978354978354979,1,1,0.9940119760479041,0.9989165763813651,0.9959135866736074,0.7356687898089171,0.7340764331210191,0.7340764331210191,10601,split
Upright,0.9358870967741936,0.875,0.9967741935483871,0.7777777777777778,0.9983844911147012,0.823529411764706,0.8211165970376008,0.012738853503184714,0.011146496815286623,0.014331210191082803,10601,split
Held,0.7768976897689769,0.6,0.9537953795379538,0.5172413793103449,0.9665551839464883,0.5555555555555556,0.5159267002828679,0.07621951219512195,0.04573170731707317,0.08841463414634146,10701,split
Prone,0.970954356846473,1,0.941908713692946,0.8613861386138614,1,0.9255319148936171,0.8958493989566794,0.2652439024390244,0.2652439024390244,0.3079268292682927,10701,split
Sitting,0.8033275069592801,0.6140350877192983,0.992619926199262,0.9459459459459459,0.9243986254295533,0.7446808510638299,0.7042158262568571,0.17378048780487804,0.10670731707317073,0.11280487804878049,10701,split
Supine,0.9904348479723382,0.9863945578231292,0.994475138121547,0.9931506849315068,0.989010989010989,0.9897610921501707,0.981496803309515,0.4481707317073171,0.4420731707317073,0.4451219512195122,10701,split
Upright,0.7790084388185654,0.5833333333333334,0.9746835443037974,0.4666666666666667,0.9840255591054313,0.5185185185185186,0.49811676082862466,0.036585365853658534,0.021341463414634148,0.04573170731707317,10701,split
Held,0.929513888888889,0.8611111111111112,0.9979166666666667,0.96875,0.9896694214876033,0.911764705882353,0.9055636896046851,0.06976744186046512,0.060077519379844964,0.06201550387596899,10702,split
Prone,0.998046875,1,0.99609375,0.9961685823754789,1,0.9980806142034548,0.9961236816010096,0.5038759689922481,0.5038759689922481,0.5058139534883721,10702,split
Sitting,0.9825164068908941,0.967391304347826,0.9976415094339622,0.9888888888888889,0.9929577464788732,0.978021978021978,0.973316785603475,0.17829457364341086,0.17248062015503876,0.1744186046511628,10702,split
Supine,0.9903788846317582,0.9876543209876543,0.993103448275862,0.963855421686747,0.9976905311778291,0.975609756097561,0.9710022759841523,0.1569767441860465,0.15503875968992248,0.16085271317829458,10702,split
Upright,0.9850973098035658,0.9787234042553191,0.9914712153518124,0.92,0.9978540772532188,0.9484536082474226,0.9431116599047457,0.09108527131782945,0.08914728682170543,0.09689922480620156,10702,split
Held,0.9826076320939334,0.975,0.9902152641878669,0.8863636363636364,0.9980276134122288,0.9285714285714285,0.9226919839117018,0.07259528130671507,0.07078039927404718,0.07985480943738657,10703,split
Prone,0.9517684887459807,1,0.9035369774919614,0.8888888888888888,1,0.9411764705882353,0.8908262334059837,0.4355716878402904,0.4355716878402904,0.4900181488203267,10703,split
Sitting,0.9862637362637363,0.9725274725274725,1,1,0.9866310160427807,0.9860724233983287,0.9793448842038972,0.33030852994555354,0.32123411978221417,0.32123411978221417,10703,split
Supine,0.9764513003949624,0.9629629629629629,0.9899396378269618,0.9122807017543859,0.9959514170040485,0.9369369369369369,0.9298791018998276,0.09800362976406533,0.09437386569872959,0.10344827586206896,10703,split
Upright,0.5276024363233666,0.05714285714285714,0.998062015503876,0.6666666666666666,0.9397810218978102,0.10526315789473684,0.09619837900424728,0.06352087114337568,0.003629764065335753,0.0054446460980036296,10703,split
Held,0.8387096774193548,0.6774193548387096,1,1,0.9778761061946902,0.8076923076923077,0.7969434189061559,0.06553911205073996,0.04439746300211417,0.04439746300211417,10704,split
Prone,1,1,1,1,1,1,1,0.4143763213530655,0.4143763213530655,0.4143763213530655,10704,split
Sitting,0.9846625766871165,0.9693251533742331,1,1,0.9841269841269841,0.9844236760124611,0.9764266135061052,0.34460887949260044,0.33403805496828753,0.33403805496828753,10704,split
Supine,0.9941724941724941,1,0.9883449883449883,0.8979591836734694,1,0.9462365591397849,0.940393678957583,0.09302325581395349,0.09302325581395349,0.10359408033826638,10704,split
Upright,0.988479262672811,1,0.9769585253456221,0.7959183673469388,1,0.8863636363636364,0.8748743452727374,0.0824524312896406,0.0824524312896406,0.10359408033826638,10704,split
Held,0.5961538461538461,0.19230769230769232,1,1,0.9176470588235294,0.32258064516129037,0.3000000000000001,0.1,0.019230769230769232,0.019230769230769232,10802,split
Prone,0.9613636363636364,0.95,0.9727272727272728,0.8636363636363636,0.9907407407407407,0.9047619047619048,0.8864628820960698,0.15384615384615385,0.14615384615384616,0.16923076923076924,10802,split
Sitting,0.8423021235521235,0.9256756756756757,0.7589285714285714,0.8353658536585366,0.8854166666666666,0.8782051282051282,0.69670923379174865,0.5692307692307692,0.5269230769230769,0.6307692307692307,10802,split
Supine,0.9464285714285714,0.8928571428571429,1,1,0.9872340425531915,0.9433962264150945,0.9369951534733443,0.1076923076923077,0.09615384615384616,0.09615384615384616,10802,split
Upright,0.842516069788797,0.7222222222222222,0.9628099173553719,0.5909090909090909,0.9789915966386554,0.65,0.6211490424646129,0.06923076923076923,0.05,0.08461538461538462,10802,split
Held,0.7342760874004493,0.4745762711864407,0.9939759036144579,0.9333333333333333,0.9141274238227147,0.6292134831460674,0.5872228798106146,0.15089514066496162,0.07161125319693094,0.07672634271099744,10901,split
Prone,0.9285714285714286,0.8571428571428571,1,1,0.9974025974025974,0.923076923076923,0.921784356871376,0.017902813299232736,0.015345268542199489,0.015345268542199489,10901,split
Sitting,0.9672131147540983,1,0.9344262295081968,0.5102040816326531,1,0.6756756756756758,0.6456728590847303,0.0639386189258312,0.0639386189258312,0.12531969309462915,10901,split
Supine,1,1,1,1,1,1,1,0.7416879795396419,0.7416879795396419,0.7416879795396419,10901,split
Upright,0.8381889763779528,0.7,0.9763779527559056,0.4375,0.992,0.5384615384615384,0.5234613040828769,0.02557544757033248,0.017902813299232736,0.04092071611253197,10901,split
Held,0.994949494949495,1,0.98989898989899,0.98,1,0.98989898989899,0.9848236259228875,0.3310810810810811,0.3310810810810811,0.33783783783783783,11001,split
Prone,1,1,1,1,1,1,1,0.028716216216216218,0.028716216216216218,0.028716216216216218,11001,split
Sitting,1,1,1,1,1,1,1,0.2533783783783784,0.2533783783783784,0.2533783783783784,11001,split
Supine,1,1,1,1,1,1,1,0.375,0.375,0.375,11001,split
Upright,0.7142857142857143,0.42857142857142855,1,1,0.9932088285229203,0.6,0.597141884994896,0.011824324324324325,0.005067567567567568,0.005067567567567568,11001,split
Held,0.9827586206896552,0.9655172413793104,1,1,0.9892241379310345,0.9824561403508771,0.9770412041964421,0.24006622516556292,0.23178807947019867,0.23178807947019867,11002,split
Prone,1,1,1,1,1,1,1,0.0695364238410596,0.0695364238410596,0.0695364238410596,11002,split
Sitting,0.9149601820250284,0.8333333333333334,0.9965870307167235,0.8823529411764706,0.9948892674616695,0.8571428571428571,0.8528838659392051,0.029801324503311258,0.024834437086092714,0.028145695364238412,11002,split
Supine,0.9929906542056075,1,0.985981308411215,0.9923664122137404,1,0.9961685823754789,0.9891100533679502,0.6456953642384106,0.6456953642384106,0.6506622516556292,11002,split
Upright,0.9974789915966387,1,0.9949579831932773,0.75,1,0.8571428571428571,0.8546679499518777,0.014900662251655629,0.014900662251655629,0.019867549668874173,11002,split
Held,0.9978813559322034,1,0.9957627118644068,0.8888888888888888,1,0.9411764705882353,0.9390609390609398,0.03278688524590164,0.03278688524590164,0.036885245901639344,11004,split
Prone,1,1,1,1,1,1,1,0.07991803278688525,0.07991803278688525,0.07991803278688525,11004,split
Sitting,0.9601139601139601,0.9202279202279202,1,1,0.8303030303030303,0.9584569732937686,0.8662568760644442,0.7192622950819673,0.6618852459016393,0.6618852459016393,11004,split
Upright,0.9679802955665024,1,0.9359605911330049,0.7592592592592593,1,0.8631578947368421,0.830844709897611,0.1680327868852459,0.1680327868852459,0.22131147540983606,11004,split
Held,0.8548387096774194,0.7096774193548387,1,1,0.9613733905579399,0.8301886792452831,0.8111266562422846,0.12156862745098039,0.08627450980392157,0.08627450980392157,11102,split
Prone,0.8728354978354979,0.75,0.9956709956709957,0.9473684210526315,0.9745762711864406,0.8372093023255814,0.8224410623694417,0.09411764705882353,0.07058823529411765,0.07450980392156863,11102,split
Sitting,0.8831142970927917,0.8279569892473119,0.9382716049382716,0.8850574712643678,0.9047619047619048,0.8555555555555556,0.7769028871391075,0.36470588235294116,0.30196078431372547,0.3411764705882353,11102,split
Supine,0.9891304347826086,1,0.9782608695652174,0.8333333333333334,1,0.9090909090909091,0.898203592814371,0.09803921568627451,0.09803921568627451,0.11764705882352941,11102,split
Upright,0.9117087269138586,0.9390243902439024,0.884393063583815,0.7938144329896907,0.9683544303797469,0.8603351955307262,0.7856206073242087,0.3215686274509804,0.30196078431372547,0.3803921568627451,11102,split
Held,0.8210328014184397,0.65625,0.9858156028368794,0.7777777777777778,0.9742990654205608,0.711864406779661,0.6920412469642069,0.07032967032967033,0.046153846153846156,0.05934065934065934,11103,split
Prone,0.9903846153846154,1,0.9807692307692307,0.959731543624161,1,0.9794520547945206,0.9697493517718238,0.3142857142857143,0.3142857142857143,0.3274725274725275,11103,split
Sitting,0.8328658847526772,0.6792452830188679,0.9864864864864865,0.9642857142857143,0.8513119533527697,0.7970479704797048,0.7146164285144088,0.34945054945054943,0.23736263736263735,0.24615384615384617,11103,split
Supine,0.9096138587675218,0.9473684210526315,0.871859296482412,0.5142857142857142,0.9914285714285714,0.6666666666666666,0.6020408163265307,0.12527472527472527,0.11868131868131868,0.23076923076923078,11103,split
Upright,0.911644820971867,0.84375,0.979539641943734,0.8709677419354839,0.9745547073791349,0.8571428571428571,0.8341903874964571,0.14065934065934066,0.11868131868131868,0.13626373626373625,11103,split
Held,0.7470848880597014,0.703125,0.7910447761194029,0.5172413793103449,0.8932584269662921,0.5960264900662252,0.440250701201565,0.24150943396226415,0.16981132075471697,0.3283018867924528,11104,split
Prone,0.5,0,1,NA,0.9735849056603774,NA,0,0.026415094339622643,0,0,11104,split
Sitting,0.8184053992221461,0.6935483870967742,0.9432624113475178,0.9148936170212766,0.7777777777777778,0.7889908256880733,0.6462359974461664,0.4679245283018868,0.32452830188679244,0.35471698113207545,11104,split
Supine,1,1,1,1,1,1,1,0.07924528301886792,0.07924528301886792,0.07924528301886792,11104,split
Upright,0.7547713529856387,0.6530612244897959,0.8564814814814815,0.5079365079365079,0.9158415841584159,0.5714285714285714,0.4588615672594232,0.18490566037735848,0.12075471698113208,0.23773584905660378,11104,split
Held,0.773972602739726,0.547945205479452,1,1,0.917910447761194,0.7079646017699115,0.6692966943273024,0.16515837104072398,0.09049773755656108,0.09049773755656108,11202,split
Prone,0.9136277942364665,0.8297872340425532,0.9974683544303797,0.975,0.9800995024875622,0.896551724137931,0.885340404680925,0.10633484162895927,0.08823529411764706,0.09049773755656108,11202,split
Sitting,0.9456555397287422,0.9701492537313433,0.921161825726141,0.9112149532710281,0.9736842105263158,0.9397590361445783,0.8865526375228434,0.45475113122171945,0.4411764705882353,0.4841628959276018,11202,split
Supine,0.9164028776978417,0.84,0.9928057553956835,0.875,0.9904306220095693,0.8571428571428572,0.8487633199726276,0.05656108597285068,0.04751131221719457,0.05429864253393665,11202,split
Upright,0.9329238921001928,0.9583333333333334,0.9075144508670521,0.7419354838709677,0.9874213836477987,0.8363636363636364,0.7833097287286198,0.2171945701357466,0.2081447963800905,0.28054298642533937,11202,split
Held,0.7992069214131219,0.6052631578947368,0.9931506849315068,0.9583333333333334,0.90625,0.7419354838709677,0.692821368948247,0.20652173913043478,0.125,0.13043478260869565,11501,split
Prone,0.8156230234029096,0.7096774193548387,0.9215686274509803,0.6470588235294118,0.94,0.6769230769230768,0.6077953714981728,0.16847826086956522,0.11956521739130435,0.18478260869565216,11501,split
Sitting,0.9508137432188065,0.9873417721518988,0.9142857142857143,0.896551724137931,0.9896907216494846,0.9397590361445785,0.8904631503750446,0.42934782608695654,0.42391304347826086,0.47282608695652173,11501,split
Supine,0.9967532467532467,1,0.9935064935064936,0.967741935483871,1,0.9836065573770492,0.9803502776591203,0.16304347826086957,0.16304347826086957,0.16847826086956522,11501,split
Upright,0.5636704119850188,0.16666666666666666,0.9606741573033708,0.125,0.9715909090909091,0.14285714285714288,0.10967741935483903,0.03260869565217391,0.005434782608695652,0.043478260869565216,11501,split
Held,0.6428571428571428,0.2857142857142857,1,1,0.8701298701298701,0.4444444444444445,0.39821693907875155,0.1728395061728395,0.04938271604938271,0.04938271604938271,11601,split
Prone,1,1,1,1,1,1,1,0.14814814814814814,0.14814814814814814,0.14814814814814814,11601,split
Sitting,1,1,1,1,1,1,1,0.12345679012345678,0.12345679012345678,0.12345679012345678,11601,split
Supine,0.8611111111111112,1,0.7222222222222222,0.8181818181818182,1,0.9,0.7428571428571429,0.5555555555555556,0.5555555555555556,0.6790123456790124,11601,split
Held,0.9561837862736067,0.9423076923076923,0.9700598802395209,0.9074074074074074,0.9818181818181818,0.9245283018867925,0.9004432321854756,0.2374429223744292,0.2237442922374429,0.2465753424657534,11901,split
Prone,0.9976415094339622,1,0.9952830188679245,0.875,1,0.9333333333333333,0.9309801449732124,0.0319634703196347,0.0319634703196347,0.0365296803652968,11901,split
Sitting,0.983633387888707,0.9929078014184397,0.9743589743589743,0.9859154929577465,0.987012987012987,0.9893992932862191,0.970045137464095,0.6438356164383562,0.639269406392694,0.6484018264840182,11901,split
Upright,0.8659210526315789,0.7368421052631579,0.995,0.9333333333333333,0.9754901960784313,0.8235294117647058,0.8089005235602095,0.0867579908675799,0.0639269406392694,0.0684931506849315,11901,split
Held,0.8717948717948718,0.7435897435897436,1,1,0.971830985915493,0.8529411764705882,0.8389937106918243,0.1015625,0.07552083333333333,0.07552083333333333,12001,split
Prone,0.9169018550816553,0.9243697478991597,0.909433962264151,0.8208955223880597,0.964,0.8695652173913043,0.8058228623965675,0.3098958333333333,0.2864583333333333,0.3489583333333333,12001,split
Sitting,0.9466116222929714,0.9108910891089109,0.9823321554770318,0.9484536082474226,0.9686411149825784,0.9292929292929293,0.9047450299443639,0.2630208333333333,0.23958333333333334,0.2526041666666667,12001,split
Supine,0.9838709677419355,0.967741935483871,1,1,0.9971751412429378,0.9836065573770492,0.9821925431274349,0.08072916666666667,0.078125,0.078125,12001,split
Upright,0.9225238444607484,0.8829787234042553,0.9620689655172414,0.8829787234042553,0.9620689655172414,0.8829787234042553,0.8450476889214968,0.24479166666666666,0.21614583333333334,0.24479166666666666,12001,split
Held,0.5,0,1,NA,0.9856801909307876,NA,0,0.014319809069212411,0,0,12002,split
Prone,0.9917939678809244,0.9864864864864865,0.9971014492753624,0.9864864864864865,0.9971014492753624,0.9864864864864865,0.9835879357618484,0.1766109785202864,0.17422434367541767,0.1766109785202864,12002,split
Sitting,0.8103616446578632,0.7346938775510204,0.8860294117647058,0.7769784172661871,0.8607142857142858,0.7552447552447553,0.628583730118529,0.35083532219570407,0.2577565632458234,0.3317422434367542,12002,split
Supine,0.5640688259109312,0.23076923076923078,0.8973684210526316,0.1875,0.9191374663072777,0.20689655172413793,0.11611483078051893,0.09307875894988067,0.021479713603818614,0.11455847255369929,12002,split
Upright,0.9906015037593985,1,0.981203007518797,0.9683544303797469,1,0.9839228295819936,0.9744390624809363,0.36515513126491644,0.36515513126491644,0.37708830548926014,12002,split
Held,0.6980742085097802,0.42105263157894735,0.975095785440613,0.38095238095238093,0.9788461538461538,0.4,0.3770271567028104,0.03512014787430684,0.014787430683918669,0.038817005545286505,12101,split
Prone,0.8666666666666667,0.7333333333333333,1,1,0.9924528301886792,0.846153846153846,0.842457775189284,0.027726432532347505,0.02033271719038817,0.02033271719038817,12101,split
Sitting,0.8576959074278907,0.9452054794520548,0.7701863354037267,0.7366548042704626,0.9538461538461539,0.8280000000000001,0.6844025993406683,0.4048059149722736,0.3826247689463956,0.5194085027726433,12101,split
Supine,0.9722107352576297,0.9911504424778761,0.9532710280373832,0.8484848484848485,0.9975550122249389,0.9142857142857144,0.8893908268670956,0.2088724584103512,0.20702402957486138,0.24399260628465805,12101,split
Upright,0.761615925058548,0.5314285714285715,0.9918032786885246,0.96875,0.8157303370786517,0.6863468634686347,0.5930927077895072,0.3234750462107209,0.17190388170055454,0.17744916820702403,12101,split
Held,0.9764158511150329,0.9565217391304348,0.996309963099631,0.9777777777777777,0.9926470588235294,0.967032967032967,0.961508884121909,0.14511041009463724,0.138801261829653,0.14195583596214512,12302,split
Prone,0.9545454545454546,0.9090909090909091,1,1,0.996742671009772,0.9523809523809523,0.9507534565791521,0.03470031545741325,0.031545741324921134,0.031545741324921134,12302,split
Sitting,0.9807692307692308,1,0.9615384615384616,0.9316239316239316,1,0.9646017699115045,0.9450320790705738,0.3438485804416404,0.3438485804416404,0.36908517350157727,12302,split
Supine,1,1,1,1,1,1,1,0.45425867507886436,0.45425867507886436,0.45425867507886436,12302,split
Upright,0.49838709677419357,0,0.9967741935483871,0,0.9778481012658228,NA,-0.005551149881044575,0.022082018927444796,0,0.0031545741324921135,12302,split
Held,0.9871643394199785,0.9795918367346939,0.9947368421052631,0.96,0.9973614775725593,0.9696969696969697,0.9657448564052062,0.11421911421911422,0.11188811188811189,0.11655011655011654,12303,split
Prone,1,1,1,1,1,1,1,0.02564102564102564,0.02564102564102564,0.02564102564102564,12303,split
Sitting,1,1,1,1,1,1,1,0.08158508158508158,0.08158508158508158,0.08158508158508158,12303,split
Supine,1,1,1,1,1,1,1,0.7599067599067599,0.7599067599067599,0.7599067599067599,12303,split
Upright,0.873812351543943,0.75,0.997624703087886,0.8571428571428571,0.995260663507109,0.7999999999999999,0.796457377826981,0.018648018648018648,0.013986013986013986,0.016317016317016316,12303,split
Held,0.7894326110907088,0.6071428571428571,0.9717223650385605,0.7555555555555555,0.945,0.6732673267326731,0.6320010023806539,0.1258426966292135,0.07640449438202247,0.10112359550561797,12501,split
Prone,0.9742045956694654,0.9726027397260274,0.9758064516129032,0.8875,0.9945205479452055,0.9281045751633986,0.913216913394203,0.16404494382022472,0.15955056179775282,0.1797752808988764,12501,split
Sitting,0.9645386441788112,0.9798387096774194,0.949238578680203,0.9604743083003953,0.9739583333333334,0.9700598802395209,0.9315082549226839,0.5573033707865168,0.5460674157303371,0.5685393258426966,12501,split
Supine,0.9560238645111624,0.9166666666666666,0.9953810623556582,0.8461538461538461,0.9976851851851852,0.8799999999999999,0.8765375011560167,0.02696629213483146,0.024719101123595506,0.029213483146067417,12501,split
Upright,0.839147998531032,0.7142857142857143,0.9640102827763496,0.7407407407407407,0.959079283887468,0.7272727272727273,0.6888256957717589,0.1258426966292135,0.0898876404494382,0.12134831460674157,12501,split
Held,0.73254816574294,0.4722222222222222,0.9928741092636579,0.85,0.9565217391304348,0.6071428571428571,0.5837197747598541,0.0787746170678337,0.037199124726477024,0.0437636761487965,12502,split
Prone,0.820299903257014,0.6428571428571429,0.9977426636568849,0.9,0.9888143176733781,0.75,0.7434505988023973,0.030634573304157548,0.019693654266958426,0.02188183807439825,12502,split
Sitting,0.8904324575680074,0.9705882352941176,0.8102766798418972,0.8048780487804879,0.9715639810426541,0.8800000000000001,0.7656009574286203,0.44638949671772427,0.43326039387308535,0.5382932166301969,12502,split
Supine,0.9788693155029788,0.961038961038961,0.9966996699669967,0.9932885906040269,0.9805194805194806,0.9768976897689768,0.9654457274327871,0.33698030634573306,0.3238512035010941,0.32603938730853393,12502,split
Upright,0.7008053221288515,0.42857142857142855,0.9730392156862745,0.65625,0.9341176470588235,0.5185185185185185,0.47395295298249746,0.10722100656455143,0.045951859956236324,0.0700218818380744,12502,split
Held,0.9631377551020408,0.9387755102040817,0.9875,0.9787234042553191,0.9634146341463414,0.9583333333333333,0.933659038313191,0.3798449612403101,0.35658914728682173,0.3643410852713178,13001,split
Prone,1,1,1,1,1,1,1,0.29457364341085274,0.29457364341085274,0.29457364341085274,13001,split
Sitting,1,1,1,1,1,1,1,0.15503875968992248,0.15503875968992248,0.15503875968992248,13001,split
Supine,1,1,1,1,1,1,1,0.031007751937984496,0.031007751937984496,0.031007751937984496,13001,split
Upright,0.9587087087087087,0.9444444444444444,0.972972972972973,0.85,0.9908256880733946,0.8947368421052632,0.8766140602582498,0.13953488372093023,0.13178294573643412,0.15503875968992248,13001,split
Held,0.8563509384548231,0.8620689655172413,0.850632911392405,0.2976190476190476,0.9882352941176471,0.44247787610619466,0.3793680297397772,0.06839622641509434,0.0589622641509434,0.19811320754716982,9908,group
Prone,0.8831239221483124,0.8909090909090909,0.8753387533875339,0.5157894736842106,0.9817629179331308,0.6533333333333333,0.5851740357478832,0.12971698113207547,0.11556603773584906,0.2240566037735849,9908,group
Sitting,0.8080959937637462,0.6324786324786325,0.9837133550488599,0.9367088607594937,0.8753623188405797,0.7551020408163264,0.6850413197561052,0.2759433962264151,0.17452830188679244,0.18632075471698112,9908,group
Supine,0.9010398203946591,0.8095238095238095,0.9925558312655087,0.85,0.9900990099009901,0.8292682926829269,0.8205996131528052,0.049528301886792456,0.04009433962264151,0.04716981132075472,9908,group
Upright,0.8424761395058424,0.7029702970297029,0.9819819819819819,0.9726027397260274,0.7841726618705036,0.8160919540229884,0.6936139463463102,0.47641509433962265,0.33490566037735847,0.3443396226415094,9908,group
Held,0.6055399420882303,0.22807017543859648,0.9830097087378641,0.65,0.9020044543429844,0.33766233766233766,0.29302751751248735,0.12153518123667377,0.02771855010660981,0.042643923240938165,9909,group
Prone,0.4955654101995565,0,0.991130820399113,0,0.9612903225806452,NA,-0.014153725181834775,0.03837953091684435,0,0.008528784648187633,9909,group
Sitting,0.6949178178884743,0.48936170212765956,0.9004739336492891,0.35384615384615387,0.9405940594059405,0.41071428571428575,0.33314662415442314,0.10021321961620469,0.04904051172707889,0.13859275053304904,9909,group
Supine,0.812733698130415,0.8735294117647059,0.751937984496124,0.9027355623100304,0.6928571428571428,0.8878923766816142,0.6093446318899167,0.7249466950959488,0.6332622601279317,0.7014925373134329,9909,group
Upright,0.4448051948051948,0,0.8896103896103896,0,0.9832535885167464,NA,-0.026955602536997057,0.014925373134328358,0,0.10874200426439233,9909,group
Held,0.8624588200059898,0.7857142857142857,0.939203354297694,0.43137254901960786,0.986784140969163,0.5569620253164557,0.5228002915845461,0.055445544554455446,0.04356435643564356,0.100990099009901,9910,group
Prone,0.6030695373872563,0.21428571428571427,0.9918533604887984,0.42857142857142855,0.9779116465863453,0.2857142857142857,0.27226438658853025,0.027722772277227723,0.005940594059405941,0.013861386138613862,9910,group
Sitting,0.8957714827643081,0.8527131782945736,0.9388297872340425,0.8270676691729323,0.9489247311827957,0.8396946564885495,0.7835625943916077,0.25544554455445545,0.21782178217821782,0.2633663366336634,9910,group
Supine,1,1,1,1,1,1,1,0.5504950495049505,0.5504950495049505,0.5504950495049505,9910,group
Upright,0.7009226853324849,0.42857142857142855,0.9732739420935412,0.6666666666666666,0.9317697228144989,0.5217391304347826,0.47628924295276714,0.11089108910891089,0.047524752475247525,0.07128712871287128,9910,group
Held,0.8170654911838791,0.75,0.8841309823677582,0.3698630136986301,0.975,0.4954128440366973,0.4321785365155811,0.08314087759815242,0.06235565819861432,0.16859122401847576,9911,group
Prone,0.9593964164808851,0.9242424242424242,0.9945504087193461,0.9682539682539683,0.9864864864864865,0.9457364341085271,0.9362445047432743,0.15242494226327943,0.14087759815242495,0.14549653579676675,9911,group
Sitting,0.8017392232180964,0.6807511737089202,0.9227272727272727,0.8950617283950617,0.7490774907749077,0.7733333333333334,0.6057860180157022,0.49191685912240185,0.3348729792147806,0.3741339491916859,9911,group
Supine,0.6914074530335694,0.5294117647058824,0.8534031413612565,0.3253012048192771,0.9314285714285714,0.40298507462686567,0.3009928162079263,0.11778290993071594,0.06235565819861432,0.19168591224018475,9911,group
Upright,0.7732852132778729,0.582089552238806,0.9644808743169399,0.75,0.926509186351706,0.6554621848739495,0.6015844161673292,0.15473441108545036,0.09006928406466513,0.12009237875288684,9911,group
Held,0.9989473684210526,1,0.9978947368421053,0.9565217391304348,1,0.9777777777777777,0.9767245820259446,0.04426559356136821,0.04426559356136821,0.04627766599597585,10201,group
Prone,0.9791666666666667,0.9583333333333334,1,1,0.9978902953586498,0.9787234042553191,0.9776679397888114,0.0482897384305835,0.04627766599597585,0.04627766599597585,10201,group
Sitting,1,1,1,1,1,1,1,0.8128772635814889,0.8128772635814889,0.8128772635814889,10201,group
Supine,1,1,1,1,1,1,1,0.05432595573440644,0.05432595573440644,0.05432595573440644,10201,group
Upright,1,1,1,1,1,1,1,0.04024144869215292,0.04024144869215292,0.04024144869215292,10201,group
Held,0.75,0.5,1,1,0.9587155963302753,0.6666666666666666,0.6480620155038762,0.07929515418502203,0.039647577092511016,0.039647577092511016,10203,group
Prone,0.997624703087886,1,0.995249406175772,0.9428571428571428,1,0.9705882352941176,0.9682095091380153,0.07268722466960352,0.07268722466960352,0.07709251101321586,10203,group
Sitting,0.9312425433706899,0.8866396761133604,0.9758454106280193,0.9776785714285714,0.8782608695652174,0.9299363057324841,0.854794626761519,0.5440528634361234,0.48237885462555063,0.4933920704845815,10203,group
Supine,0.9665071770334928,1,0.9330143540669856,0.5625,1,0.72,0.6883702686801332,0.07929515418502203,0.07929515418502203,0.14096916299559473,10203,group
Upright,0.984375,1,0.96875,0.9026548672566371,1,0.9488372093023255,0.9330185895544406,0.22466960352422907,0.22466960352422907,0.2488986784140969,10203,group
Held,0.8773429299745089,0.8518518518518519,0.902834008097166,0.48936170212765956,0.9823788546255506,0.6216216216216216,0.5674822415153904,0.09854014598540146,0.08394160583941605,0.17153284671532848,10204,group
Prone,0.9278100775193798,0.875,0.9806201550387597,0.7368421052631579,0.9921568627450981,0.7999999999999999,0.7864618125139172,0.058394160583941604,0.051094890510948905,0.06934306569343066,10204,group
Sitting,0.7858004385964912,0.6403508771929824,0.93125,0.8690476190476191,0.7842105263157895,0.7373737373737373,0.5940740740740741,0.41605839416058393,0.2664233576642336,0.30656934306569344,10204,group
Supine,0.9319678714859438,0.88,0.9839357429718876,0.8461538461538461,0.9879032258064516,0.8627450980392156,0.8486665614644153,0.09124087591240876,0.08029197080291971,0.0948905109489051,10204,group
Upright,0.8771500238891543,0.8586956521739131,0.8956043956043956,0.8061224489795918,0.9261363636363636,0.8315789473684211,0.7423298460091687,0.3357664233576642,0.28832116788321166,0.35766423357664234,10204,group
Held,0.9747121070650482,0.9705882352941176,0.9788359788359788,0.9705882352941176,0.9788359788359788,0.9705882352941176,0.9494242141300963,0.41846153846153844,0.40615384615384614,0.41846153846153844,10301,group
Prone,0.9858044164037855,1,0.9716088328075709,0.47058823529411764,1,0.6399999999999999,0.627530879918502,0.024615384615384615,0.024615384615384615,0.052307692307692305,10301,group
Sitting,1,1,1,1,1,1,1,0.4307692307692308,0.4307692307692308,0.4307692307692308,10301,group
Supine,0.9516129032258065,0.9032258064516129,1,1,0.98989898989899,0.9491525423728813,0.9440908308962668,0.09538461538461539,0.08615384615384615,0.08615384615384615,10301,group
Upright,0.6484126984126984,0.3,0.9968253968253968,0.75,0.9781931464174455,0.4285714285714285,0.41834451901566205,0.03076923076923077,0.009230769230769232,0.012307692307692308,10301,group
Held,0.9838709677419355,0.967741935483871,1,1,0.9972602739726028,0.9836065573770492,0.9822352147515178,0.07848101265822785,0.0759493670886076,0.0759493670886076,10401,group
Prone,1,1,1,1,1,1,1,0.10379746835443038,0.10379746835443038,0.10379746835443038,10401,group
Sitting,0.5,0,1,NA,0.43544303797468353,NA,0,0.5645569620253165,0,0,10401,group
Supine,0.6356209150326797,1,0.27124183006535946,0.28525641025641024,1,0.44389027431421446,0.1436335177281521,0.22531645569620254,0.22531645569620254,0.789873417721519,10401,group
Upright,0.9986979166666667,1,0.9973958333333334,0.9166666666666666,1,0.9565217391304348,0.955220496542342,0.027848101265822784,0.027848101265822784,0.030379746835443037,10401,group
Held,1,1,1,1,1,1,1,0.18125,0.18125,0.18125,10501,group
Prone,1,1,1,1,1,1,1,0.3125,0.3125,0.3125,10501,group
Sitting,0.9913793103448276,1,0.9827586206896551,0.9565217391304348,1,0.9777777777777777,0.9690880989180836,0.275,0.275,0.2875,10501,group
Supine,0.9545454545454546,0.9090909090909091,1,1,0.9857142857142858,0.9523809523809523,0.945205479452055,0.1375,0.125,0.125,10501,group
Upright,1,1,1,1,1,1,1,0.09375,0.09375,0.09375,10501,group
Held,0.9916943521594684,1,0.9833887043189369,0.7222222222222222,1,0.8387096774193548,0.83056334988128655,0.041401273885350316,0.041401273885350316,0.05732484076433121,10601,group
Prone,1,1,1,1,1,1,1,0.09076433121019108,0.09076433121019108,0.09076433121019108,10601,group
Sitting,0.6723930078360458,0.6666666666666666,0.6781193490054249,0.21929824561403508,0.9375,0.33003300330033003,0.18323466851182676,0.11942675159235669,0.07961783439490445,0.3630573248407643,10601,group
Supine,0.8051948051948052,0.6103896103896104,1,1,0.4797687861271676,0.7580645161290321,0.4530252003251656,0.7356687898089171,0.44904458598726116,0.44904458598726116,10601,group
Upright,0.9862903225806452,1,0.9725806451612903,0.32,1,0.48484848484848486,0.47470970281440616,0.012738853503184714,0.012738853503184714,0.03980891719745223,10601,group
Held,0.8317491749174918,0.68,0.9834983498349835,0.7727272727272727,0.9738562091503268,0.7234042553191491,0.7021514389494273,0.07621951219512195,0.051829268292682924,0.06707317073170732,10701,group
Prone,1,1,1,1,1,1,1,0.2652439024390244,0.2652439024390244,0.2652439024390244,10701,group
Sitting,0.904900627953648,0.8245614035087719,0.985239852398524,0.9215686274509803,0.9638989169675091,0.8703703703703703,0.844917257683215,0.17378048780487804,0.14329268292682926,0.15548780487804878,10701,group
Supine,0.9863945578231292,0.9727891156462585,1,1,0.9783783783783784,0.9862068965517241,0.9752816609518068,0.4481707317073171,0.43597560975609756,0.43597560975609756,10701,group
Upright,0.8496835443037974,0.75,0.9493670886075949,0.36,0.9900990099009901,0.48648648648648657,0.4597780859916785,0.036585365853658534,0.027439024390243903,0.07621951219512195,10701,group
Held,0.8857638888888889,0.7777777777777778,0.99375,0.9032258064516129,0.9835051546391752,0.835820895522388,0.8244897959183672,0.06976744186046512,0.05426356589147287,0.060077519379844964,10702,group
Prone,1,1,1,1,1,1,1,0.5038759689922481,0.5038759689922481,0.5038759689922481,10702,group
Sitting,0.9614950779327318,0.9347826086956522,0.9882075471698113,0.945054945054945,0.9858823529411764,0.9398907103825138,0.9269347613408165,0.17829457364341086,0.16666666666666666,0.17635658914728683,10702,group
Supine,0.9869306087696892,0.9876543209876543,0.9862068965517241,0.9302325581395349,0.9976744186046511,0.9580838323353293,0.9499999999999998,0.1569767441860465,0.15503875968992248,0.16666666666666666,10702,group
Upright,0.9755251100122488,0.9574468085106383,0.9936034115138592,0.9375,0.9957264957264957,0.9473684210526315,0.9420328929630634,0.09108527131782945,0.0872093023255814,0.09302325581395349,10702,group
Held,0.8363013698630137,0.7,0.9726027397260274,0.6666666666666666,0.9764243614931237,0.6829268292682926,0.6574530151594858,0.07259528130671507,0.050816696914700546,0.07622504537205081,10703,group
Prone,0.9967845659163987,1,0.9935691318327974,0.9917355371900827,1,0.995850622406639,0.9926249146711996,0.4355716878402904,0.4355716878402904,0.43920145190562615,10703,group
Sitting,0.9492688882932785,0.9120879120879121,0.986449864498645,0.9707602339181286,0.9578947368421052,0.9405099150141643,0.9125125700330413,0.33030852994555354,0.30127041742286753,0.3103448275862069,10703,group
Supine,0.956125642745361,0.9444444444444444,0.9678068410462777,0.7611940298507462,0.993801652892562,0.8429752066115703,0.8238579961302264,0.09800362976406533,0.0925589836660617,0.12159709618874773,10703,group
Upright,0.7617386489479512,0.5428571428571428,0.9806201550387597,0.6551724137931034,0.9693486590038314,0.5937499999999999,0.5689354275741703,0.06352087114337568,0.034482758620689655,0.05263157894736842,10703,group
Held,0.8491826010801343,0.7096774193548387,0.9886877828054299,0.8148148148148148,0.9798206278026906,0.7586206896551724,0.7429347826086955,0.06553911205073996,0.046511627906976744,0.05708245243128964,10704,group
Prone,1,1,1,1,1,1,1,0.4143763213530655,0.4143763213530655,0.4143763213530655,10704,group
Sitting,0.9631901840490797,0.9263803680981595,1,1,0.9627329192546584,0.9617834394904459,0.9428375765388333,0.34460887949260044,0.3192389006342495,0.3192389006342495,10704,group
Supine,0.993006993006993,1,0.986013986013986,0.88,1,0.9361702127659575,0.9291598023064255,0.09302325581395349,0.09302325581395349,0.10570824524312897,10704,group
Upright,0.988479262672811,1,0.9769585253456221,0.7959183673469388,1,0.8863636363636364,0.8748743452727374,0.0824524312896406,0.0824524312896406,0.10359408033826638,10704,group
Held,0.967948717948718,0.9615384615384616,0.9743589743589743,0.8064516129032258,0.9956331877729258,0.8771929824561403,0.8622047244094487,0.1,0.09615384615384616,0.11923076923076924,10802,group
Prone,0.8806818181818181,0.775,0.9863636363636363,0.9117647058823529,0.9601769911504425,0.8378378378378379,0.8111380145278452,0.15384615384615385,0.11923076923076924,0.13076923076923078,10802,group
Sitting,0.6097972972972973,0.34459459459459457,0.875,0.7846153846153846,0.5025641025641026,0.4788732394366197,0.20143884892086322,0.5692307692307692,0.19615384615384615,0.25,10802,group
Supine,0.957820197044335,0.9285714285714286,0.9870689655172413,0.896551724137931,0.9913419913419913,0.912280701754386,0.9014852985753257,0.1076923076923077,0.1,0.11153846153846154,10802,group
Upright,0.7091368227731865,0.7777777777777778,0.640495867768595,0.13861386138613863,0.9748427672955975,0.23529411764705885,0.13346029885731037,0.06923076923076923,0.05384615384615385,0.38846153846153847,10802,group
Held,0.8050847457627119,0.6101694915254238,1,1,0.9352112676056338,0.7578947368421053,0.7266316077453872,0.15089514066496162,0.09207161125319693,0.09207161125319693,10901,group
Prone,1,1,1,1,1,1,1,0.017902813299232736,0.017902813299232736,0.017902813299232736,10901,group
Sitting,0.9836065573770492,1,0.9672131147540983,0.6756756756756757,1,0.8064516129032258,0.7904608788853164,0.0639386189258312,0.0639386189258312,0.09462915601023018,10901,group
Supine,1,1,1,1,1,1,1,0.7416879795396419,0.7416879795396419,0.7416879795396419,10901,group
Upright,0.9855643044619422,1,0.9711286089238845,0.47619047619047616,1,0.6451612903225806,0.6324245790958036,0.02557544757033248,0.02557544757033248,0.05370843989769821,10901,group
Held,0.9961863533292106,0.9948979591836735,0.9974747474747475,0.9948979591836735,0.9974747474747475,0.9948979591836735,0.9923727066584209,0.3310810810810811,0.3293918918918919,0.3310810810810811,11001,group
Prone,0.9965217391304348,1,0.9930434782608696,0.8095238095238095,1,0.8947368421052632,0.8912863832522259,0.028716216216216218,0.028716216216216218,0.03547297297297297,11001,group
Sitting,0.8925339366515836,1,0.7850678733031674,0.6122448979591837,1,0.759493670886076,0.64924535362355,0.2533783783783784,0.2533783783783784,0.41385135135135137,11001,group
Supine,0.7860360360360361,0.5720720720720721,1,1,0.7956989247311828,0.7277936962750716,0.6256157635467979,0.375,0.21452702702702703,0.21452702702702703,11001,group
Upright,0.6420024420024419,0.2857142857142857,0.9982905982905983,0.6666666666666666,0.9915110356536503,0.4,0.3957128274923506,0.011824324324324325,0.0033783783783783786,0.005067567567567568,11001,group
Held,0.9827586206896552,0.9655172413793104,1,1,0.9892241379310345,0.9824561403508771,0.9770412041964421,0.24006622516556292,0.23178807947019867,0.23178807947019867,11002,group
Prone,1,1,1,1,1,1,1,0.0695364238410596,0.0695364238410596,0.0695364238410596,11002,group
Sitting,0.49402730375426623,0,0.9880546075085325,0,0.9698492462311558,NA,-0.016971982758622974,0.029801324503311258,0,0.011589403973509934,11002,group
Supine,0.9579439252336448,1,0.9158878504672897,0.9558823529411765,1,0.9774436090225563,0.9336069177781033,0.6456953642384106,0.6456953642384106,0.6754966887417219,11002,group
Upright,0.6069094304388423,0.2222222222222222,0.9915966386554622,0.2857142857142857,0.9882747068676717,0.25,0.24009226252883178,0.014900662251655629,0.0033112582781456954,0.011589403973509934,11002,group
Held,0.5270127118644068,0.0625,0.9915254237288136,0.2,0.968944099378882,0.09523809523809523,0.08088818398097018,0.03278688524590164,0.0020491803278688526,0.010245901639344262,11004,group
Prone,1,1,1,1,1,1,1,0.07991803278688525,0.07991803278688525,0.07991803278688525,11004,group
Sitting,0.5454488739160273,0.5726495726495726,0.5182481751824818,0.7528089887640449,0.3212669683257919,0.6504854368932038,0.07658344283837058,0.7192622950819673,0.41188524590163933,0.5471311475409836,11004,group
Supine,NA,NA,0.6680327868852459,0,1,NA,0,0,0,0.3319672131147541,11004,group
Upright,0.5914634146341463,0.18292682926829268,1,1,0.8583509513742071,0.30927835051546393,0.27141456457794805,0.1680327868852459,0.030737704918032786,0.030737704918032786,11004,group
Held,0.9359879032258065,0.9032258064516129,0.96875,0.8,0.9863636363636363,0.8484848484848486,0.8260572987721688,0.12156862745098039,0.10980392156862745,0.13725490196078433,11102,group
Prone,0.9431818181818181,0.9166666666666666,0.9696969696969697,0.7586206896551724,0.9911504424778761,0.830188679245283,0.8106904231625838,0.09411764705882353,0.08627450980392157,0.11372549019607843,11102,group
Sitting,0.9645559538032656,0.978494623655914,0.9506172839506173,0.9191919191919192,0.9871794871794872,0.9479166666666667,0.9165193478687879,0.36470588235294116,0.3568627450980392,0.38823529411764707,11102,group
Supine,0.9556521739130435,0.92,0.991304347826087,0.92,0.991304347826087,0.92,0.9113043478260873,0.09803921568627451,0.09019607843137255,0.09803921568627451,11102,group
Upright,0.8815733822078105,0.7804878048780488,0.9826589595375722,0.9552238805970149,0.9042553191489362,0.8590604026845637,0.8017180730921613,0.3215686274509804,0.25098039215686274,0.2627450980392157,11102,group
Held,0.976100768321513,0.96875,0.983451536643026,0.8157894736842105,0.9976019184652278,0.8857142857142857,0.8762662315589091,0.07032967032967033,0.06813186813186813,0.08351648351648351,11103,group
Prone,0.9919871794871795,1,0.9839743589743589,0.9662162162162162,1,0.9828178694158076,0.9747438302785396,0.3142857142857143,0.3142857142857143,0.3252747252747253,11103,group
Sitting,0.9504929457759647,0.9685534591194969,0.9324324324324325,0.8850574712643678,0.9822064056939501,0.9249249249249248,0.8817358576879489,0.34945054945054943,0.3384615384615385,0.3824175824175824,11103,group
Supine,0.7831922771753504,0.5789473684210527,0.9874371859296482,0.868421052631579,0.9424460431654677,0.6947368421052632,0.660735865065693,0.12527472527472527,0.07252747252747253,0.08351648351648351,11103,group
Upright,0.9453125,0.890625,1,1,0.9824120603015075,0.9421487603305785,0.9333109989740151,0.14065934065934066,0.12527472527472527,0.12527472527472527,11103,group
Held,0.9104866293532339,0.890625,0.9303482587064676,0.8028169014084507,0.9639175257731959,0.8444444444444446,0.7914715029789786,0.24150943396226415,0.21509433962264152,0.2679245283018868,11104,group
Prone,0.9266334440753046,0.8571428571428571,0.9961240310077519,0.8571428571428571,0.9961240310077519,0.8571428571428571,0.8532668881506092,0.026415094339622643,0.022641509433962263,0.026415094339622643,11104,group
Sitting,0.5850205902539465,0.23387096774193547,0.9361702127659575,0.7631578947368421,0.5814977973568282,0.35802469135802467,0.1774607532979167,0.4679245283018868,0.10943396226415095,0.14339622641509434,11104,group
Supine,1,1,1,1,1,1,1,0.07924528301886792,0.07924528301886792,0.07924528301886792,11104,group
Upright,0.7044595616024187,0.8163265306122449,0.5925925925925926,0.3125,0.9343065693430657,0.4519774011299435,0.2519135065917755,0.18490566037735848,0.1509433962264151,0.4830188679245283,11104,group
Held,0.8715892638378439,0.8082191780821918,0.9349593495934959,0.7108433734939759,0.9610027855153204,0.7564102564102564,0.7044726748073336,0.16515837104072398,0.1334841628959276,0.18778280542986425,11202,group
Prone,0.9536493401562078,0.9148936170212766,0.9924050632911392,0.9347826086956522,0.98989898989899,0.924731182795699,0.9158827687455818,0.10633484162895927,0.09728506787330317,0.10407239819004525,11202,group
Sitting,0.7702875663177886,0.6069651741293532,0.9336099585062241,0.8840579710144928,0.7401315789473685,0.71976401179941,0.5550115512600411,0.45475113122171945,0.27601809954751133,0.31221719457013575,11202,group
Supine,0.9100719424460432,1,0.8201438848920863,0.25,1,0.4,0.3402985074626867,0.05656108597285068,0.05656108597285068,0.22624434389140272,11202,group
Upright,0.8440510597302505,0.7083333333333334,0.9797687861271677,0.9066666666666666,0.9237057220708447,0.7953216374269007,0.7471478539439705,0.2171945701357466,0.15384615384615385,0.16968325791855204,11202,group
Held,0.8552631578947368,0.7105263157894737,1,1,0.9299363057324841,0.8307692307692308,0.7957206297941056,0.20652173913043478,0.14673913043478262,0.14673913043478262,11501,group
Prone,0.7353995361585495,0.4838709677419355,0.9869281045751634,0.8823529411764706,0.9041916167664671,0.625,0.5741835947544358,0.16847826086956522,0.08152173913043478,0.09239130434782608,11501,group
Sitting,0.9222423146473779,0.9873417721518988,0.8571428571428571,0.8387096774193549,0.989010989010989,0.9069767441860466,0.8263536628524242,0.42934782608695654,0.42391304347826086,0.5054347826086957,11501,group
Supine,0.9967532467532467,1,0.9935064935064936,0.967741935483871,1,0.9836065573770492,0.9803502776591203,0.16304347826086957,0.16304347826086957,0.16847826086956522,11501,group
Upright,0.8857677902621723,0.8333333333333334,0.9382022471910112,0.3125,0.9940476190476191,0.45454545454545453,0.427385892116182,0.03260869565217391,0.02717391304347826,0.08695652173913043,11501,group
Held,0.6785714285714286,0.35714285714285715,1,1,0.881578947368421,0.5263157894736842,0.47891350964974966,0.1728395061728395,0.06172839506172839,0.06172839506172839,11601,group
Prone,1,1,1,1,1,1,1,0.14814814814814814,0.14814814814814814,0.14814814814814814,11601,group
Sitting,0.9929577464788732,1,0.9859154929577465,0.9090909090909091,1,0.9523809523809523,0.9453072248480754,0.12345679012345678,0.12345679012345678,0.13580246913580246,11601,group
Supine,0.8638888888888889,0.9777777777777777,0.75,0.8301886792452831,0.9642857142857143,0.8979591836734695,0.7443181818181815,0.5555555555555556,0.5432098765432098,0.654320987654321,11601,group
Held,0.9104675264854905,0.8269230769230769,0.9940119760479041,0.9772727272727273,0.9485714285714286,0.8958333333333334,0.8668531128404666,0.2374429223744292,0.1963470319634703,0.2009132420091324,11901,group
Prone,1,1,1,1,1,1,1,0.0319634703196347,0.0319634703196347,0.0319634703196347,11901,group
Sitting,0.9574468085106382,0.9148936170212766,1,1,0.8666666666666667,0.9555555555555556,0.8844936708860759,0.6438356164383562,0.589041095890411,0.589041095890411,11901,group
Supine,NA,NA,0.9452054794520548,0,1,NA,0,0,0,0.0547945205479452,11901,group
Upright,0.9511842105263157,0.9473684210526315,0.955,0.6666666666666666,0.9947916666666666,0.782608695652174,0.7579575596816978,0.0867579908675799,0.0821917808219178,0.1232876712328767,11901,group
Held,0.9056856187290969,0.8461538461538461,0.9652173913043478,0.7333333333333333,0.9823008849557522,0.7857142857142856,0.7595491546649968,0.1015625,0.0859375,0.1171875,12001,group
Prone,0.4358490566037736,0,0.8716981132075472,0,0.66,NA,-0.15973154362416075,0.3098958333333333,0,0.08854166666666667,12001,group
Sitting,0.6577860966308645,0.5346534653465347,0.7809187279151943,0.46551724137931033,0.8246268656716418,0.4976958525345622,0.3011887271270201,0.2630208333333333,0.140625,0.3020833333333333,12001,group
Supine,0.3022480124280362,0.03225806451612903,0.5722379603399433,0.006578947368421052,0.8706896551724138,0.010928961748633878,-0.14225611359453055,0.08072916666666667,0.0026041666666666665,0.3958333333333333,12001,group
Upright,0.6897652237710932,0.3829787234042553,0.996551724137931,0.972972972972973,0.8328530259365994,0.5496183206106869,0.4773461290024914,0.24479166666666666,0.09375,0.09635416666666667,12001,group
Held,0.8115415657788538,0.6666666666666666,0.9564164648910412,0.18181818181818182,0.9949622166246851,0.28571428571428575,0.2692710149982557,0.014319809069212411,0.00954653937947494,0.05250596658711217,12002,group
Prone,0.9864864864864865,0.972972972972973,1,1,0.9942363112391931,0.9863013698630138,0.9834118532008393,0.1766109785202864,0.1718377088305489,0.1718377088305489,12002,group
Sitting,0.809811424569828,0.7482993197278912,0.8713235294117647,0.7586206896551724,0.864963503649635,0.7534246575342466,0.6215660202212799,0.35083532219570407,0.26252983293556087,0.3460620525059666,12002,group
Supine,0.5256072874493927,0.15384615384615385,0.8973684210526316,0.13333333333333333,0.9117647058823529,0.14285714285714288,0.04790759325885264,0.09307875894988067,0.014319809069212411,0.10739856801909307,12002,group
Upright,0.9411764705882353,0.8823529411764706,1,1,0.9366197183098591,0.9375,0.9049671127239737,0.36515513126491644,0.3221957040572792,0.3221957040572792,12002,group
Held,0.7866001209921355,0.5789473684210527,0.9942528735632183,0.7857142857142857,0.9848197343453511,0.6666666666666667,0.6564286126667062,0.03512014787430684,0.02033271719038817,0.025878003696857672,12101,group
Prone,0.9952471482889733,1,0.9904942965779467,0.75,1,0.8571428571428571,0.8524679574584126,0.027726432532347505,0.027726432532347505,0.036968576709796676,12101,group
Sitting,0.8757763975155279,1,0.7515527950310559,0.7324414715719063,1,0.8455598455598455,0.7100672579651116,0.4048059149722736,0.4048059149722736,0.5526802218114603,12101,group
Supine,0.6769911504424779,0.35398230088495575,1,1,0.8542914171656687,0.522875816993464,0.464378229558,0.2088724584103512,0.07393715341959335,0.07393715341959335,12101,group
Upright,0.9504371584699454,0.92,0.9808743169398907,0.9583333333333334,0.9624664879356568,0.9387755102040817,0.9103760561046992,0.3234750462107209,0.2975970425138632,0.31053604436229204,12101,group
Held,0.7698941119845981,0.5434782608695652,0.996309963099631,0.9615384615384616,0.9278350515463918,0.6944444444444445,0.6586726703210649,0.14511041009463724,0.07886435331230283,0.08201892744479496,12302,group
Prone,1,1,1,1,1,1,1,0.03470031545741325,0.03470031545741325,0.03470031545741325,12302,group
Sitting,0.5458495059985886,0.1926605504587156,0.8990384615384616,0.5,0.68,0.27814569536423844,0.10741133011288795,0.3438485804416404,0.06624605678233439,0.13249211356466878,12302,group
Supine,0.7398843930635838,1,0.4797687861271676,0.6153846153846154,1,0.761904761904762,0.45588740130449706,0.45425867507886436,0.45425867507886436,0.7381703470031545,12302,group
Upright,0.4935483870967742,0,0.9870967741935484,0,0.9776357827476039,NA,-0.016321772078111335,0.022082018927444796,0,0.012618296529968454,12302,group
Held,0.9526047261009667,0.9183673469387755,0.9868421052631579,0.9,0.9894459102902374,0.9090909090909091,0.8972345692156185,0.11421911421911422,0.1048951048951049,0.11655011655011654,12303,group
Prone,1,1,1,1,1,1,1,0.02564102564102564,0.02564102564102564,0.02564102564102564,12303,group
Sitting,0.8961928934010153,0.8,0.9923857868020305,0.9032258064516129,0.9824120603015075,0.8484848484848486,0.8359088127294981,0.08158508158508158,0.06526806526806526,0.07226107226107226,12303,group
Supine,0.970873786407767,1,0.941747572815534,0.9819277108433735,1,0.9908814589665653,0.9608921571606552,0.7599067599067599,0.7599067599067599,0.7738927738927739,12303,group
Upright,0.685124703087886,0.375,0.995249406175772,0.6,0.9882075471698113,0.4615384615384615,0.453702019283244,0.018648018648018648,0.006993006993006993,0.011655011655011656,12303,group
Held,0.8992150201983107,0.8035714285714286,0.9948586118251928,0.9574468085106383,0.9723618090452262,0.8737864077669905,0.8574104656035099,0.1258426966292135,0.10112359550561797,0.10561797752808989,12501,group
Prone,0.8972602739726028,0.7945205479452054,1,1,0.9612403100775194,0.8854961832061068,0.8660364862423988,0.16404494382022472,0.1303370786516854,0.1303370786516854,12501,group
Sitting,0.9533424758473883,0.9879032258064516,0.9187817258883249,0.9386973180076629,0.9836956521739131,0.962671905697446,0.91287906109285,0.5573033707865168,0.550561797752809,0.5865168539325842,12501,group
Supine,0.579869130100077,0.16666666666666666,0.9930715935334873,0.4,0.9772727272727273,0.23529411764705882,0.22296843519140438,0.02696629213483146,0.0044943820224719105,0.011235955056179775,12501,group
Upright,0.9666498347410943,0.9821428571428571,0.9511568123393316,0.7432432432432432,0.9973045822102425,0.8461538461538461,0.8204269399943505,0.1258426966292135,0.12359550561797752,0.1662921348314607,12501,group
Held,0.9119160728424387,0.8333333333333334,0.9904988123515439,0.8823529411764706,0.9858156028368794,0.8571428571428571,0.8453049895064655,0.0787746170678337,0.06564551422319474,0.07439824945295405,12502,group
Prone,0.9932279909706546,1,0.9864559819413092,0.7,1,0.8235294117647058,0.8169314995326473,0.030634573304157548,0.030634573304157548,0.0437636761487965,12502,group
Sitting,0.7307990389831822,0.6078431372549019,0.8537549407114624,0.7701863354037267,0.7297297297297297,0.6794520547945205,0.4712165115658101,0.44638949671772427,0.2713347921225383,0.3522975929978118,12502,group
Supine,0.8863636363636364,0.7727272727272727,1,1,0.8964497041420119,0.8717948717948718,0.818463494081195,0.33698030634573306,0.2603938730853392,0.2603938730853392,12502,group
Upright,0.8407362945178072,0.8775510204081632,0.803921568627451,0.34959349593495936,0.9820359281437125,0.5000000000000001,0.4094365138993239,0.10722100656455143,0.09409190371991247,0.26914660831509846,12502,group
Held,0.8815051020408163,0.7755102040816326,0.9875,0.9743589743589743,0.8777777777777778,0.8636363636363635,0.7944223107569722,0.3798449612403101,0.29457364341085274,0.3023255813953488,13001,group
Prone,1,1,1,1,1,1,1,0.29457364341085274,0.29457364341085274,0.29457364341085274,13001,group
Sitting,0.926605504587156,1,0.8532110091743119,0.5555555555555556,1,0.7142857142857143,0.6431535269709544,0.15503875968992248,0.15503875968992248,0.27906976744186046,13001,group
Supine,1,1,1,1,1,1,1,0.031007751937984496,0.031007751937984496,0.031007751937984496,13001,group
Upright,0.6396396396396397,0.3333333333333333,0.9459459459459459,0.5,0.8974358974358975,0.4,0.32460732984293195,0.13953488372093023,0.046511627906976744,0.09302325581395349,13001,group
